Feedback,Sentiment
I would not recommend this course.,Negative
The assignments were standard.,Neutral
Really enjoyed the practical examples.,Positive
The course was amazing and very helpful.,Positive
Perfect balance of theory and practice.,Positive
Exams did not reflect the taught material.,Negative
Material was adequate.,Neutral
The assignments were standard.,Neutral
Material was adequate.,Neutral
The instructor was fine.,Neutral
The resources provided were top-notch.,Positive
Really enjoyed the practical examples.,Positive
The assignments were standard.,Neutral
Great community and support.,Positive
"I learned some things, but not a lot.",Neutral
Really enjoyed the practical examples.,Positive
"Some parts were good, others were boring.",Neutral
"I learned some things, but not a lot.",Neutral
"Great material, clearly explained.",Positive
I loved the teaching style.,Positive
Highly recommended course!,Positive
The concepts were explained perfectly.,Positive
Material was adequate.,Neutral
The lectures were too long and unengaging.,Negative
The assignments were challenging but fair.,Positive
The concepts were completely lost on me.,Negative
The lectures were too long and unengaging.,Negative
The feedback on assignments was constructive.,Positive
I learned a lot from this class.,Positive
The assignments were challenging but fair.,Positive
I loved the teaching style.,Positive
Really enjoyed the practical examples.,Positive
Excellent curriculum and good pacing.,Positive
I didn't learn much from this class.,Negative
I didn't learn much from this class.,Negative
"Great material, clearly explained.",Positive
"The course was okay, nothing special.",Neutral
The concepts were completely lost on me.,Negative
Material was adequate.,Neutral
I loved the teaching style.,Positive
Excellent curriculum and good pacing.,Positive
Material was adequate.,Neutral
"Great material, clearly explained.",Positive
The resources provided were top-notch.,Positive
The assignments were standard.,Neutral
The syllabus was outdated.,Negative
Material was confusing and poorly explained.,Negative
The assignments were impossibly hard.,Negative
The instructor was fine.,Neutral
No proper guidance or support was given.,Negative
This was the worst class ever.,Negative
The concepts were completely lost on me.,Negative
Material was adequate.,Neutral
The concepts were explained perfectly.,Positive
I loved the teaching style.,Positive
An average learning experience.,Neutral
The concepts were completely lost on me.,Negative
The instructor was very knowledgeable.,Positive
Waste of time and money.,Negative
The lectures were too long and unengaging.,Negative
I learned a lot from this class.,Positive
The assignments were impossibly hard.,Negative
The instructor seemed unprepared.,Negative
I would not recommend this course.,Negative
Highly recommended course!,Positive
The pacing was a bit slow sometimes.,Neutral
Material was confusing and poorly explained.,Negative
The feedback on assignments was constructive.,Positive
Great community and support.,Positive
Highly recommended course!,Positive
Perfect balance of theory and practice.,Positive
The syllabus was outdated.,Negative
The instructor was fine.,Neutral
Perfect balance of theory and practice.,Positive
This was the worst class ever.,Negative
The concepts were completely lost on me.,Negative
Really enjoyed the practical examples.,Positive
The syllabus was outdated.,Negative
No proper guidance or support was given.,Negative
The pacing was a bit slow sometimes.,Neutral
Really enjoyed the practical examples.,Positive
The instructor was very knowledgeable.,Positive
A standard introductory course.,Neutral
I didn't learn much from this class.,Negative
Great community and support.,Positive
The instructor was fine.,Neutral
The resources provided were top-notch.,Positive
This was the best class I've taken so far.,Positive
Excellent curriculum and good pacing.,Positive
The instructor seemed unprepared.,Negative
The assignments were standard.,Neutral
The course was terrible and boring.,Negative
The resources provided were top-notch.,Positive
Terrible curriculum and way too fast.,Negative
I learned a lot from this class.,Positive
This was the worst class ever.,Negative
Standard curriculum and normal pacing.,Neutral
It met my basic expectations.,Neutral
Perfect balance of theory and practice.,Positive
The feedback on assignments was constructive.,Positive
The course was terrible and boring.,Negative
This was the best class I've taken so far.,Positive
The pacing was a bit slow sometimes.,Neutral
Excellent curriculum and good pacing.,Positive
Highly recommended course!,Positive
The instructor was very knowledgeable.,Positive
"Great material, clearly explained.",Positive
I hated the teaching style.,Negative
Terrible curriculum and way too fast.,Negative
The concepts were completely lost on me.,Negative
The instructor was very knowledgeable.,Positive
The lectures were too long and unengaging.,Negative
Exams did not reflect the taught material.,Negative
The instructor was very knowledgeable.,Positive
I didn't learn much from this class.,Negative
I didn't learn much from this class.,Negative
The instructor was fine.,Neutral
Exams did not reflect the taught material.,Negative
A standard introductory course.,Neutral
The assignments were challenging but fair.,Positive
"I learned some things, but not a lot.",Neutral
I loved the teaching style.,Positive
Perfect balance of theory and practice.,Positive
The instructor was fine.,Neutral
I would not recommend this course.,Negative
The teaching style was average.,Neutral
Material was confusing and poorly explained.,Negative
The concepts were completely lost on me.,Negative
The assignments were standard.,Neutral
I loved the teaching style.,Positive
Really enjoyed the practical examples.,Positive
Waste of time and money.,Negative
This was the best class I've taken so far.,Positive
The concepts were completely lost on me.,Negative
The instructor was fine.,Neutral
The assignments were challenging but fair.,Positive
The assignments were standard.,Neutral
The course was terrible and boring.,Negative
Material was confusing and poorly explained.,Negative
Exams did not reflect the taught material.,Negative
The concepts were explained perfectly.,Positive
The instructor was very knowledgeable.,Positive
Really enjoyed the practical examples.,Positive
"Some parts were good, others were boring.",Neutral
The teaching style was average.,Neutral
The lectures were too long and unengaging.,Negative
The course was terrible and boring.,Negative
The course was amazing and very helpful.,Positive
Great community and support.,Positive
"Some parts were good, others were boring.",Neutral
The concepts were explained perfectly.,Positive
The concepts were completely lost on me.,Negative
I hated the teaching style.,Negative
The lectures were too long and unengaging.,Negative
Waste of time and money.,Negative
I didn't learn much from this class.,Negative
Perfect balance of theory and practice.,Positive
"I learned some things, but not a lot.",Neutral
"Great material, clearly explained.",Positive
"I learned some things, but not a lot.",Neutral
The concepts were somewhat clear.,Neutral
I would not recommend this course.,Negative
Exams did not reflect the taught material.,Negative
The course was terrible and boring.,Negative
The instructor seemed unprepared.,Negative
Waste of time and money.,Negative
The concepts were somewhat clear.,Neutral
Exams did not reflect the taught material.,Negative
The instructor was fine.,Neutral
I hated the teaching style.,Negative
The concepts were somewhat clear.,Neutral
"Great material, clearly explained.",Positive
It was a typical class.,Neutral
The instructor was very knowledgeable.,Positive
"I learned some things, but not a lot.",Neutral
The concepts were explained perfectly.,Positive
Really enjoyed the practical examples.,Positive
I loved the teaching style.,Positive
Waste of time and money.,Negative
This was the worst class ever.,Negative
The concepts were somewhat clear.,Neutral
The pacing was a bit slow sometimes.,Neutral
Waste of time and money.,Negative
The assignments were impossibly hard.,Negative
Perfect balance of theory and practice.,Positive
No proper guidance or support was given.,Negative
The resources provided were top-notch.,Positive
The instructor seemed unprepared.,Negative
No proper guidance or support was given.,Negative
"Could be better, but not too bad.",Neutral
A standard introductory course.,Neutral
The course was amazing and very helpful.,Positive
I hated the teaching style.,Negative
Highly recommended course!,Positive
The instructor seemed unprepared.,Negative
The lectures were too long and unengaging.,Negative
Great community and support.,Positive
The teaching style was average.,Neutral
Really enjoyed the practical examples.,Positive
The concepts were somewhat clear.,Neutral
I learned a lot from this class.,Positive
Waste of time and money.,Negative
This was the best class I've taken so far.,Positive
It was a typical class.,Neutral
No proper guidance or support was given.,Negative
"Great material, clearly explained.",Positive
Terrible curriculum and way too fast.,Negative
The course was terrible and boring.,Negative
This was the worst class ever.,Negative
It was a typical class.,Neutral
Material was adequate.,Neutral
It met my basic expectations.,Neutral
Really enjoyed the practical examples.,Positive
No proper guidance or support was given.,Negative
Material was confusing and poorly explained.,Negative
I hated the teaching style.,Negative
I learned a lot from this class.,Positive
Terrible curriculum and way too fast.,Negative
The feedback on assignments was constructive.,Positive
An average learning experience.,Neutral
"Some parts were good, others were boring.",Neutral
The concepts were completely lost on me.,Negative
No proper guidance or support was given.,Negative
The syllabus was outdated.,Negative
This was the best class I've taken so far.,Positive
It was a typical class.,Neutral
"The course was okay, nothing special.",Neutral
Highly recommended course!,Positive
An average learning experience.,Neutral
I didn't learn much from this class.,Negative
The pacing was a bit slow sometimes.,Neutral
I hated the teaching style.,Negative
The assignments were standard.,Neutral
The course was amazing and very helpful.,Positive
Exams did not reflect the taught material.,Negative
The assignments were challenging but fair.,Positive
The assignments were challenging but fair.,Positive
Perfect balance of theory and practice.,Positive
The feedback on assignments was constructive.,Positive
Really enjoyed the practical examples.,Positive
"Great material, clearly explained.",Positive
The assignments were impossibly hard.,Negative
It was a typical class.,Neutral
It met my basic expectations.,Neutral
"Could be better, but not too bad.",Neutral
The pacing was a bit slow sometimes.,Neutral
Waste of time and money.,Negative
The course was terrible and boring.,Negative
The pacing was a bit slow sometimes.,Neutral
The assignments were challenging but fair.,Positive
No proper guidance or support was given.,Negative
A standard introductory course.,Neutral
An average learning experience.,Neutral
Really enjoyed the practical examples.,Positive
"The course was okay, nothing special.",Neutral
The concepts were explained perfectly.,Positive
The pacing was a bit slow sometimes.,Neutral
The pacing was a bit slow sometimes.,Neutral
The concepts were completely lost on me.,Negative
"Could be better, but not too bad.",Neutral
"Great material, clearly explained.",Positive
The resources provided were top-notch.,Positive
The course was terrible and boring.,Negative
Material was confusing and poorly explained.,Negative
The concepts were explained perfectly.,Positive
Excellent curriculum and good pacing.,Positive
Terrible curriculum and way too fast.,Negative
The course was terrible and boring.,Negative
An average learning experience.,Neutral
The feedback on assignments was constructive.,Positive
The instructor was very knowledgeable.,Positive
The concepts were somewhat clear.,Neutral
The assignments were impossibly hard.,Negative
It was a typical class.,Neutral
The assignments were impossibly hard.,Negative
The concepts were explained perfectly.,Positive
Excellent curriculum and good pacing.,Positive
I hated the teaching style.,Negative
A standard introductory course.,Neutral
Material was confusing and poorly explained.,Negative
The pacing was a bit slow sometimes.,Neutral
Great community and support.,Positive
The teaching style was average.,Neutral
Waste of time and money.,Negative
It met my basic expectations.,Neutral
Highly recommended course!,Positive
An average learning experience.,Neutral
The concepts were somewhat clear.,Neutral
I loved the teaching style.,Positive
"The course was okay, nothing special.",Neutral
I learned a lot from this class.,Positive
A standard introductory course.,Neutral
Exams did not reflect the taught material.,Negative
I loved the teaching style.,Positive
This was the worst class ever.,Negative
Material was confusing and poorly explained.,Negative
It was a typical class.,Neutral
Material was adequate.,Neutral
It met my basic expectations.,Neutral
The concepts were completely lost on me.,Negative
The syllabus was outdated.,Negative
Highly recommended course!,Positive
The assignments were standard.,Neutral
Excellent curriculum and good pacing.,Positive
The lectures were too long and unengaging.,Negative
The assignments were challenging but fair.,Positive
This was the worst class ever.,Negative
The assignments were impossibly hard.,Negative
Waste of time and money.,Negative
I would not recommend this course.,Negative
The course was terrible and boring.,Negative
The course was amazing and very helpful.,Positive
It was a typical class.,Neutral
Excellent curriculum and good pacing.,Positive
The feedback on assignments was constructive.,Positive
The assignments were standard.,Neutral
The assignments were challenging but fair.,Positive
Really enjoyed the practical examples.,Positive
Material was confusing and poorly explained.,Negative
Really enjoyed the practical examples.,Positive
Exams did not reflect the taught material.,Negative
I loved the teaching style.,Positive
I hated the teaching style.,Negative
I loved the teaching style.,Positive
"I learned some things, but not a lot.",Neutral
"Great material, clearly explained.",Positive
The assignments were impossibly hard.,Negative
The teaching style was average.,Neutral
Exams did not reflect the taught material.,Negative
The pacing was a bit slow sometimes.,Neutral
I learned a lot from this class.,Positive
I hated the teaching style.,Negative
The syllabus was outdated.,Negative
The instructor was fine.,Neutral
Material was confusing and poorly explained.,Negative
I loved the teaching style.,Positive
The pacing was a bit slow sometimes.,Neutral
I loved the teaching style.,Positive
This was the best class I've taken so far.,Positive
The instructor seemed unprepared.,Negative
Perfect balance of theory and practice.,Positive
The resources provided were top-notch.,Positive
Material was adequate.,Neutral
Standard curriculum and normal pacing.,Neutral
"I learned some things, but not a lot.",Neutral
It met my basic expectations.,Neutral
The instructor was very knowledgeable.,Positive
"Could be better, but not too bad.",Neutral
"Great material, clearly explained.",Positive
"The course was okay, nothing special.",Neutral
The syllabus was outdated.,Negative
The concepts were explained perfectly.,Positive
The concepts were completely lost on me.,Negative
The assignments were standard.,Neutral
The resources provided were top-notch.,Positive
The feedback on assignments was constructive.,Positive
The concepts were completely lost on me.,Negative
Waste of time and money.,Negative
The course was amazing and very helpful.,Positive
Material was adequate.,Neutral
It was a typical class.,Neutral
It met my basic expectations.,Neutral
The syllabus was outdated.,Negative
The instructor seemed unprepared.,Negative
"Some parts were good, others were boring.",Neutral
The instructor was fine.,Neutral
Terrible curriculum and way too fast.,Negative
The concepts were explained perfectly.,Positive
Standard curriculum and normal pacing.,Neutral
I loved the teaching style.,Positive
"Great material, clearly explained.",Positive
This was the worst class ever.,Negative
I didn't learn much from this class.,Negative
Material was confusing and poorly explained.,Negative
A standard introductory course.,Neutral
A standard introductory course.,Neutral
Really enjoyed the practical examples.,Positive
The assignments were impossibly hard.,Negative
I would not recommend this course.,Negative
The assignments were challenging but fair.,Positive
The assignments were standard.,Neutral
The course was amazing and very helpful.,Positive
Exams did not reflect the taught material.,Negative
I learned a lot from this class.,Positive
I loved the teaching style.,Positive
The syllabus was outdated.,Negative
I would not recommend this course.,Negative
The teaching style was average.,Neutral
Perfect balance of theory and practice.,Positive
I learned a lot from this class.,Positive
Terrible curriculum and way too fast.,Negative
An average learning experience.,Neutral
"I learned some things, but not a lot.",Neutral
I learned a lot from this class.,Positive
The concepts were somewhat clear.,Neutral
The pacing was a bit slow sometimes.,Neutral
I didn't learn much from this class.,Negative
The lectures were too long and unengaging.,Negative
The instructor was fine.,Neutral
Waste of time and money.,Negative
Standard curriculum and normal pacing.,Neutral
An average learning experience.,Neutral
The instructor was fine.,Neutral
I loved the teaching style.,Positive
The course was terrible and boring.,Negative
The concepts were somewhat clear.,Neutral
The concepts were explained perfectly.,Positive
The pacing was a bit slow sometimes.,Neutral
The instructor was very knowledgeable.,Positive
The assignments were impossibly hard.,Negative
The assignments were standard.,Neutral
The instructor was very knowledgeable.,Positive
The concepts were completely lost on me.,Negative
The course was terrible and boring.,Negative
Excellent curriculum and good pacing.,Positive
The resources provided were top-notch.,Positive
I didn't learn much from this class.,Negative
Terrible curriculum and way too fast.,Negative
"Could be better, but not too bad.",Neutral
The concepts were completely lost on me.,Negative
The pacing was a bit slow sometimes.,Neutral
Terrible curriculum and way too fast.,Negative
The course was amazing and very helpful.,Positive
No proper guidance or support was given.,Negative
Waste of time and money.,Negative
Excellent curriculum and good pacing.,Positive
I hated the teaching style.,Negative
The instructor was very knowledgeable.,Positive
The instructor was fine.,Neutral
The lectures were too long and unengaging.,Negative
A standard introductory course.,Neutral
Standard curriculum and normal pacing.,Neutral
No proper guidance or support was given.,Negative
I didn't learn much from this class.,Negative
The resources provided were top-notch.,Positive
Material was adequate.,Neutral
Material was confusing and poorly explained.,Negative
Waste of time and money.,Negative
Excellent curriculum and good pacing.,Positive
The concepts were explained perfectly.,Positive
The syllabus was outdated.,Negative
Exams did not reflect the taught material.,Negative
The syllabus was outdated.,Negative
I hated the teaching style.,Negative
Waste of time and money.,Negative
The course was terrible and boring.,Negative
The feedback on assignments was constructive.,Positive
"Some parts were good, others were boring.",Neutral
I didn't learn much from this class.,Negative
The instructor seemed unprepared.,Negative
The feedback on assignments was constructive.,Positive
It met my basic expectations.,Neutral
I would not recommend this course.,Negative
I learned a lot from this class.,Positive
The teaching style was average.,Neutral
"Some parts were good, others were boring.",Neutral
I loved the teaching style.,Positive
I didn't learn much from this class.,Negative
The assignments were standard.,Neutral
An average learning experience.,Neutral
It was a typical class.,Neutral
I hated the teaching style.,Negative
"Some parts were good, others were boring.",Neutral
The assignments were standard.,Neutral
The feedback on assignments was constructive.,Positive
The concepts were completely lost on me.,Negative
The concepts were explained perfectly.,Positive
The instructor was very knowledgeable.,Positive
The assignments were impossibly hard.,Negative
The assignments were standard.,Neutral
Perfect balance of theory and practice.,Positive
The instructor was very knowledgeable.,Positive
I didn't learn much from this class.,Negative
"Great material, clearly explained.",Positive
"Some parts were good, others were boring.",Neutral
An average learning experience.,Neutral
The course was amazing and very helpful.,Positive
Exams did not reflect the taught material.,Negative
Waste of time and money.,Negative
The assignments were standard.,Neutral
The assignments were standard.,Neutral
Highly recommended course!,Positive
Material was confusing and poorly explained.,Negative
The instructor seemed unprepared.,Negative
I learned a lot from this class.,Positive
I didn't learn much from this class.,Negative
Exams did not reflect the taught material.,Negative
The course was amazing and very helpful.,Positive
The course was amazing and very helpful.,Positive
The instructor was very knowledgeable.,Positive
The pacing was a bit slow sometimes.,Neutral
Terrible curriculum and way too fast.,Negative
"Some parts were good, others were boring.",Neutral
A standard introductory course.,Neutral
The course was terrible and boring.,Negative
"I learned some things, but not a lot.",Neutral
Standard curriculum and normal pacing.,Neutral
It met my basic expectations.,Neutral
The instructor was very knowledgeable.,Positive
Terrible curriculum and way too fast.,Negative
It was a typical class.,Neutral
Standard curriculum and normal pacing.,Neutral
The assignments were impossibly hard.,Negative
I loved the teaching style.,Positive
"The course was okay, nothing special.",Neutral
No proper guidance or support was given.,Negative
No proper guidance or support was given.,Negative
It was a typical class.,Neutral
The syllabus was outdated.,Negative
The feedback on assignments was constructive.,Positive
The course was terrible and boring.,Negative
The resources provided were top-notch.,Positive
Highly recommended course!,Positive
The instructor seemed unprepared.,Negative
The instructor seemed unprepared.,Negative
I hated the teaching style.,Negative
The course was amazing and very helpful.,Positive
This was the best class I've taken so far.,Positive
It was a typical class.,Neutral
The instructor was very knowledgeable.,Positive
The assignments were impossibly hard.,Negative
I loved the teaching style.,Positive
Perfect balance of theory and practice.,Positive
This was the worst class ever.,Negative
The syllabus was outdated.,Negative
Really enjoyed the practical examples.,Positive
Exams did not reflect the taught material.,Negative
Highly recommended course!,Positive
A standard introductory course.,Neutral
The pacing was a bit slow sometimes.,Neutral
I loved the teaching style.,Positive
An average learning experience.,Neutral
Perfect balance of theory and practice.,Positive
Standard curriculum and normal pacing.,Neutral
This was the best class I've taken so far.,Positive
The concepts were somewhat clear.,Neutral
Excellent curriculum and good pacing.,Positive
This was the worst class ever.,Negative
The concepts were completely lost on me.,Negative
I loved the teaching style.,Positive
The assignments were challenging but fair.,Positive
The pacing was a bit slow sometimes.,Neutral
Material was adequate.,Neutral
The feedback on assignments was constructive.,Positive
The course was terrible and boring.,Negative
The resources provided were top-notch.,Positive
This was the best class I've taken so far.,Positive
"Some parts were good, others were boring.",Neutral
Exams did not reflect the taught material.,Negative
It met my basic expectations.,Neutral
This was the worst class ever.,Negative
The pacing was a bit slow sometimes.,Neutral
Highly recommended course!,Positive
Exams did not reflect the taught material.,Negative
"Could be better, but not too bad.",Neutral
The instructor seemed unprepared.,Negative
The assignments were impossibly hard.,Negative
Standard curriculum and normal pacing.,Neutral
The course was terrible and boring.,Negative
The assignments were impossibly hard.,Negative
Material was adequate.,Neutral
Highly recommended course!,Positive
Excellent curriculum and good pacing.,Positive
No proper guidance or support was given.,Negative
An average learning experience.,Neutral
"Could be better, but not too bad.",Neutral
Great community and support.,Positive
I loved the teaching style.,Positive
Perfect balance of theory and practice.,Positive
The assignments were impossibly hard.,Negative
I would not recommend this course.,Negative
The concepts were completely lost on me.,Negative
Material was adequate.,Neutral
Great community and support.,Positive
I hated the teaching style.,Negative
The concepts were somewhat clear.,Neutral
The concepts were somewhat clear.,Neutral
Terrible curriculum and way too fast.,Negative
It met my basic expectations.,Neutral
The pacing was a bit slow sometimes.,Neutral
The instructor was very knowledgeable.,Positive
The assignments were standard.,Neutral
"Could be better, but not too bad.",Neutral
The pacing was a bit slow sometimes.,Neutral
I hated the teaching style.,Negative
It was a typical class.,Neutral
This was the worst class ever.,Negative
The instructor was fine.,Neutral
Really enjoyed the practical examples.,Positive
The resources provided were top-notch.,Positive
No proper guidance or support was given.,Negative
The concepts were somewhat clear.,Neutral
The course was terrible and boring.,Negative
Really enjoyed the practical examples.,Positive
Exams did not reflect the taught material.,Negative
Material was confusing and poorly explained.,Negative
"I learned some things, but not a lot.",Neutral
The concepts were completely lost on me.,Negative
Terrible curriculum and way too fast.,Negative
I would not recommend this course.,Negative
The feedback on assignments was constructive.,Positive
The concepts were completely lost on me.,Negative
"The course was okay, nothing special.",Neutral
I hated the teaching style.,Negative
I learned a lot from this class.,Positive
The concepts were explained perfectly.,Positive
Terrible curriculum and way too fast.,Negative
It was a typical class.,Neutral
It was a typical class.,Neutral
"I learned some things, but not a lot.",Neutral
No proper guidance or support was given.,Negative
An average learning experience.,Neutral
A standard introductory course.,Neutral
No proper guidance or support was given.,Negative
"The course was okay, nothing special.",Neutral
This was the best class I've taken so far.,Positive
"I learned some things, but not a lot.",Neutral
The instructor was fine.,Neutral
Great community and support.,Positive
Material was confusing and poorly explained.,Negative
The instructor seemed unprepared.,Negative
The course was amazing and very helpful.,Positive
I learned a lot from this class.,Positive
I hated the teaching style.,Negative
The resources provided were top-notch.,Positive
The feedback on assignments was constructive.,Positive
"The course was okay, nothing special.",Neutral
The pacing was a bit slow sometimes.,Neutral
I didn't learn much from this class.,Negative
Standard curriculum and normal pacing.,Neutral
The lectures were too long and unengaging.,Negative
The feedback on assignments was constructive.,Positive
The assignments were standard.,Neutral
The course was terrible and boring.,Negative
Exams did not reflect the taught material.,Negative
I would not recommend this course.,Negative
I loved the teaching style.,Positive
The instructor seemed unprepared.,Negative
I didn't learn much from this class.,Negative
Really enjoyed the practical examples.,Positive
The instructor was very knowledgeable.,Positive
Material was adequate.,Neutral
The resources provided were top-notch.,Positive
The assignments were challenging but fair.,Positive
I didn't learn much from this class.,Negative
Great community and support.,Positive
The assignments were standard.,Neutral
"Could be better, but not too bad.",Neutral
The lectures were too long and unengaging.,Negative
The lectures were too long and unengaging.,Negative
Terrible curriculum and way too fast.,Negative
The assignments were challenging but fair.,Positive
Excellent curriculum and good pacing.,Positive
This was the best class I've taken so far.,Positive
Highly recommended course!,Positive
The feedback on assignments was constructive.,Positive
It met my basic expectations.,Neutral
The instructor seemed unprepared.,Negative
Material was confusing and poorly explained.,Negative
The teaching style was average.,Neutral
"I learned some things, but not a lot.",Neutral
The assignments were standard.,Neutral
The assignments were standard.,Neutral
Material was confusing and poorly explained.,Negative
Highly recommended course!,Positive
Excellent curriculum and good pacing.,Positive
The assignments were impossibly hard.,Negative
The lectures were too long and unengaging.,Negative
The instructor was fine.,Neutral
The assignments were challenging but fair.,Positive
"Great material, clearly explained.",Positive
The instructor was fine.,Neutral
Perfect balance of theory and practice.,Positive
The instructor was very knowledgeable.,Positive
Exams did not reflect the taught material.,Negative
"Some parts were good, others were boring.",Neutral
The resources provided were top-notch.,Positive
Really enjoyed the practical examples.,Positive
"The course was okay, nothing special.",Neutral
Great community and support.,Positive
The syllabus was outdated.,Negative
"The course was okay, nothing special.",Neutral
The assignments were impossibly hard.,Negative
Perfect balance of theory and practice.,Positive
No proper guidance or support was given.,Negative
The instructor was very knowledgeable.,Positive
This was the worst class ever.,Negative
The concepts were completely lost on me.,Negative
I didn't learn much from this class.,Negative
The lectures were too long and unengaging.,Negative
The instructor was very knowledgeable.,Positive
The instructor seemed unprepared.,Negative
It met my basic expectations.,Neutral
This was the worst class ever.,Negative
The course was amazing and very helpful.,Positive
The course was terrible and boring.,Negative
"Could be better, but not too bad.",Neutral
The pacing was a bit slow sometimes.,Neutral
The assignments were impossibly hard.,Negative
I learned a lot from this class.,Positive
I loved the teaching style.,Positive
An average learning experience.,Neutral
The resources provided were top-notch.,Positive
The assignments were challenging but fair.,Positive
The instructor was very knowledgeable.,Positive
"Could be better, but not too bad.",Neutral
A standard introductory course.,Neutral
The concepts were explained perfectly.,Positive
No proper guidance or support was given.,Negative
The teaching style was average.,Neutral
A standard introductory course.,Neutral
I loved the teaching style.,Positive
"The course was okay, nothing special.",Neutral
The teaching style was average.,Neutral
"I learned some things, but not a lot.",Neutral
"The course was okay, nothing special.",Neutral
The course was amazing and very helpful.,Positive
The assignments were standard.,Neutral
This was the best class I've taken so far.,Positive
"Some parts were good, others were boring.",Neutral
The instructor was fine.,Neutral
The instructor was fine.,Neutral
This was the best class I've taken so far.,Positive
Excellent curriculum and good pacing.,Positive
Highly recommended course!,Positive
This was the best class I've taken so far.,Positive
I hated the teaching style.,Negative
Exams did not reflect the taught material.,Negative
It met my basic expectations.,Neutral
The instructor was fine.,Neutral
The concepts were completely lost on me.,Negative
The course was amazing and very helpful.,Positive
The assignments were standard.,Neutral
This was the best class I've taken so far.,Positive
Exams did not reflect the taught material.,Negative
Perfect balance of theory and practice.,Positive
Perfect balance of theory and practice.,Positive
The assignments were challenging but fair.,Positive
Perfect balance of theory and practice.,Positive
No proper guidance or support was given.,Negative
This was the best class I've taken so far.,Positive
The resources provided were top-notch.,Positive
I didn't learn much from this class.,Negative
The concepts were explained perfectly.,Positive
I learned a lot from this class.,Positive
A standard introductory course.,Neutral
The feedback on assignments was constructive.,Positive
The instructor seemed unprepared.,Negative
Waste of time and money.,Negative
The concepts were explained perfectly.,Positive
The lectures were too long and unengaging.,Negative
The instructor seemed unprepared.,Negative
The course was amazing and very helpful.,Positive
The lectures were too long and unengaging.,Negative
"Some parts were good, others were boring.",Neutral
Waste of time and money.,Negative
I would not recommend this course.,Negative
Perfect balance of theory and practice.,Positive
I would not recommend this course.,Negative
"Could be better, but not too bad.",Neutral
"The course was okay, nothing special.",Neutral
The concepts were completely lost on me.,Negative
This was the worst class ever.,Negative
The instructor was very knowledgeable.,Positive
The feedback on assignments was constructive.,Positive
A standard introductory course.,Neutral
I loved the teaching style.,Positive
The course was terrible and boring.,Negative
"Great material, clearly explained.",Positive
The concepts were explained perfectly.,Positive
Excellent curriculum and good pacing.,Positive
Standard curriculum and normal pacing.,Neutral
The instructor seemed unprepared.,Negative
I hated the teaching style.,Negative
Excellent curriculum and good pacing.,Positive
The syllabus was outdated.,Negative
I would not recommend this course.,Negative
The assignments were challenging but fair.,Positive
I learned a lot from this class.,Positive
Terrible curriculum and way too fast.,Negative
Perfect balance of theory and practice.,Positive
The assignments were challenging but fair.,Positive
The concepts were explained perfectly.,Positive
"Could be better, but not too bad.",Neutral
I hated the teaching style.,Negative
Exams did not reflect the taught material.,Negative
This was the worst class ever.,Negative
The instructor was very knowledgeable.,Positive
The lectures were too long and unengaging.,Negative
"Some parts were good, others were boring.",Neutral
Really enjoyed the practical examples.,Positive
It was a typical class.,Neutral
The teaching style was average.,Neutral
I hated the teaching style.,Negative
It met my basic expectations.,Neutral
A standard introductory course.,Neutral
The instructor was very knowledgeable.,Positive
A standard introductory course.,Neutral
Great community and support.,Positive
"Great material, clearly explained.",Positive
I learned a lot from this class.,Positive
Great community and support.,Positive
The course was terrible and boring.,Negative
Material was adequate.,Neutral
I loved the teaching style.,Positive
Great community and support.,Positive
The assignments were challenging but fair.,Positive
The syllabus was outdated.,Negative
The resources provided were top-notch.,Positive
Really enjoyed the practical examples.,Positive
I learned a lot from this class.,Positive
The feedback on assignments was constructive.,Positive
I loved the teaching style.,Positive
Material was confusing and poorly explained.,Negative
Exams did not reflect the taught material.,Negative
The instructor was fine.,Neutral
Waste of time and money.,Negative
"I learned some things, but not a lot.",Neutral
Really enjoyed the practical examples.,Positive
"Some parts were good, others were boring.",Neutral
It was a typical class.,Neutral
Great community and support.,Positive
The concepts were explained perfectly.,Positive
Great community and support.,Positive
A standard introductory course.,Neutral
"The course was okay, nothing special.",Neutral
Terrible curriculum and way too fast.,Negative
"Could be better, but not too bad.",Neutral
Really enjoyed the practical examples.,Positive
This was the best class I've taken so far.,Positive
Perfect balance of theory and practice.,Positive
The concepts were somewhat clear.,Neutral
It met my basic expectations.,Neutral
This was the best class I've taken so far.,Positive
I loved the teaching style.,Positive
It was a typical class.,Neutral
The feedback on assignments was constructive.,Positive
The instructor seemed unprepared.,Negative
The assignments were standard.,Neutral
The assignments were impossibly hard.,Negative
The assignments were challenging but fair.,Positive
Exams did not reflect the taught material.,Negative
The teaching style was average.,Neutral
Material was confusing and poorly explained.,Negative
Waste of time and money.,Negative
The assignments were impossibly hard.,Negative
Material was confusing and poorly explained.,Negative
The instructor seemed unprepared.,Negative
The instructor was fine.,Neutral
Waste of time and money.,Negative
The assignments were impossibly hard.,Negative
The instructor was very knowledgeable.,Positive
"The course was okay, nothing special.",Neutral
An average learning experience.,Neutral
The instructor seemed unprepared.,Negative
"Great material, clearly explained.",Positive
I loved the teaching style.,Positive
Excellent curriculum and good pacing.,Positive
The course was amazing and very helpful.,Positive
The assignments were standard.,Neutral
Exams did not reflect the taught material.,Negative
This was the worst class ever.,Negative
It met my basic expectations.,Neutral
Waste of time and money.,Negative
Material was confusing and poorly explained.,Negative
"I learned some things, but not a lot.",Neutral
I learned a lot from this class.,Positive
The instructor was fine.,Neutral
The course was terrible and boring.,Negative
No proper guidance or support was given.,Negative
This was the worst class ever.,Negative
The assignments were standard.,Neutral
The instructor was very knowledgeable.,Positive
The instructor was very knowledgeable.,Positive
The resources provided were top-notch.,Positive
The instructor seemed unprepared.,Negative
Really enjoyed the practical examples.,Positive
Waste of time and money.,Negative
Really enjoyed the practical examples.,Positive
It met my basic expectations.,Neutral
The course was terrible and boring.,Negative
The resources provided were top-notch.,Positive
The assignments were challenging but fair.,Positive
Highly recommended course!,Positive
The concepts were somewhat clear.,Neutral
I would not recommend this course.,Negative
I loved the teaching style.,Positive
The concepts were completely lost on me.,Negative
The concepts were explained perfectly.,Positive
I loved the teaching style.,Positive
Standard curriculum and normal pacing.,Neutral
The course was terrible and boring.,Negative
The feedback on assignments was constructive.,Positive
Really enjoyed the practical examples.,Positive
The instructor seemed unprepared.,Negative
Exams did not reflect the taught material.,Negative
I didn't learn much from this class.,Negative
The course was terrible and boring.,Negative
Exams did not reflect the taught material.,Negative
An average learning experience.,Neutral
The instructor was very knowledgeable.,Positive
The lectures were too long and unengaging.,Negative
Highly recommended course!,Positive
Great community and support.,Positive
It was a typical class.,Neutral
This was the best class I've taken so far.,Positive
Standard curriculum and normal pacing.,Neutral
The assignments were challenging but fair.,Positive
The concepts were explained perfectly.,Positive
Standard curriculum and normal pacing.,Neutral
It met my basic expectations.,Neutral
It was a typical class.,Neutral
The instructor seemed unprepared.,Negative
Material was adequate.,Neutral
I didn't learn much from this class.,Negative
The instructor was fine.,Neutral
The lectures were too long and unengaging.,Negative
It was a typical class.,Neutral
Waste of time and money.,Negative
The feedback on assignments was constructive.,Positive
Exams did not reflect the taught material.,Negative
The concepts were completely lost on me.,Negative
It was a typical class.,Neutral
This was the best class I've taken so far.,Positive
This was the worst class ever.,Negative
The concepts were explained perfectly.,Positive
The concepts were somewhat clear.,Neutral
I didn't learn much from this class.,Negative
"Could be better, but not too bad.",Neutral
"Some parts were good, others were boring.",Neutral
Terrible curriculum and way too fast.,Negative
Waste of time and money.,Negative
I hated the teaching style.,Negative
Really enjoyed the practical examples.,Positive
I didn't learn much from this class.,Negative
"Some parts were good, others were boring.",Neutral
Material was confusing and poorly explained.,Negative
The instructor was fine.,Neutral
The resources provided were top-notch.,Positive
The feedback on assignments was constructive.,Positive
Terrible curriculum and way too fast.,Negative
Exams did not reflect the taught material.,Negative
Great community and support.,Positive
I hated the teaching style.,Negative
The syllabus was outdated.,Negative
I hated the teaching style.,Negative
I didn't learn much from this class.,Negative
The instructor seemed unprepared.,Negative
The feedback on assignments was constructive.,Positive
It met my basic expectations.,Neutral
Exams did not reflect the taught material.,Negative
"Could be better, but not too bad.",Neutral
Excellent curriculum and good pacing.,Positive
It was a typical class.,Neutral
Terrible curriculum and way too fast.,Negative
It met my basic expectations.,Neutral
"I learned some things, but not a lot.",Neutral
The course was amazing and very helpful.,Positive
It met my basic expectations.,Neutral
"Could be better, but not too bad.",Neutral
Really enjoyed the practical examples.,Positive
The course was amazing and very helpful.,Positive
The syllabus was outdated.,Negative
It was a typical class.,Neutral
Standard curriculum and normal pacing.,Neutral
The syllabus was outdated.,Negative
The instructor was very knowledgeable.,Positive
I learned a lot from this class.,Positive
A standard introductory course.,Neutral
Standard curriculum and normal pacing.,Neutral
The syllabus was outdated.,Negative
Material was confusing and poorly explained.,Negative
"The course was okay, nothing special.",Neutral
Exams did not reflect the taught material.,Negative
The lectures were too long and unengaging.,Negative
"Great material, clearly explained.",Positive
The teaching style was average.,Neutral
The instructor was very knowledgeable.,Positive
The syllabus was outdated.,Negative
The concepts were explained perfectly.,Positive
The concepts were explained perfectly.,Positive
The concepts were explained perfectly.,Positive
"Could be better, but not too bad.",Neutral
The assignments were standard.,Neutral
It met my basic expectations.,Neutral
An average learning experience.,Neutral
The concepts were somewhat clear.,Neutral
It met my basic expectations.,Neutral
No proper guidance or support was given.,Negative
Waste of time and money.,Negative
The course was amazing and very helpful.,Positive
Waste of time and money.,Negative
"Some parts were good, others were boring.",Neutral
"Great material, clearly explained.",Positive
The concepts were somewhat clear.,Neutral
I hated the teaching style.,Negative
The concepts were explained perfectly.,Positive
The pacing was a bit slow sometimes.,Neutral
I didn't learn much from this class.,Negative
The resources provided were top-notch.,Positive
